1578595429746,dislike,tinder mode,oprah s roasted butternut squash with sage
1578595433526,like,tinder mode,my fresh tomato salsa
1578595437977,dislike,tinder mode,glazed pineapples
1578595440946,dislike,tinder mode,onion dip  raw vegan
1578595443299,like,tinder mode,tofu chocolate pudding
1578595449062,like,tinder mode,gluten free crock pot breakfast grains
1578595455896,dislike,tinder mode,creamy cucumber dill dip
1578595633288,like,tinder mode,rosemary sauce
1578595638778,like,tinder mode,mirj s foolproof microwave rice   perfect every time
1578595641895,like,tinder mode,tofu chocolate pudding
1578595655436,dislike,tinder mode,broccomoli
1578595657172,like,tinder mode,three sisters  salad
1578595660072,dislike,tinder mode,otai
1578595662931,dislike,tinder mode,thai red curry vegetables
1578595690720,like,swipe mode,ortega s mexican rice
1578595693052,like,swipe mode,bright summer salad salsa
1578595694447,dislike,swipe mode,glazed pineapples
1578595696711,dislike,swipe mode,basic roasted beetroot
1578595702064,like,swipe mode,easy tasty hearty lentil black bean stew
1578595706065,like,swipe mode,eggy rainbow scramble  vegetarian
1578595707782,dislike,swipe mode,creamy cucumber dill dip 