1578673445261,dislike,tinder mode,pan tamales
1578673449655,like,tinder mode,quick polenta rounds with sage butter and parmesan
1578673451945,like,tinder mode,old bay seasoning
1578673454401,like,tinder mode,garlic   herb marinade for shrimp  gluten free
1578673456583,like,tinder mode,yummy mummy braised lamb shanks
1578673459146,like,tinder mode,chicken cacciatore amore
1578673462923,like,tinder mode,cornmeal pie
1578673574339,like,list mode,Sweet and spicy jalapeno dip
1578673577995,like,list mode,Zucchini and semi dried tomato slice bake
1578673582028,get nutritional values,list mode,Deceptively delicious mac   cheese  with my twist
1578673595876,get nutritional values,list mode,Deceptively delicious mac   cheese  with my twist
1578673597653,get nutritional values,list mode,Flourless sugar free oatmeal raisin cookies
1578673602433,get nutritional values,list mode,Flourless sugar free oatmeal raisin cookies
1578673606269,like,list mode,Flourless sugar free oatmeal raisin cookies
1578673613226,get nutritional values,list mode,Homemade crystallised flowers   violets
1578673617477,get nutritional values,list mode,Homemade crystallised flowers   violets
1578673618212,get recipe,list mode,Homemade crystallised flowers   violets
1578673624056,get recipe,list mode,Homemade crystallised flowers   violets
1578673661256,get nutritional values,list mode,Festive yellow rice
1578673666746,get nutritional values,list mode,Festive yellow rice
1578673693453,get nutritional values,list mode,quick polenta rounds with sage butter and parmesan
1578673697430,get nutritional values,list mode,quick polenta rounds with sage butter and parmesan
1578673698770,get recipe,list mode,quick polenta rounds with sage butter and parmesan
1578673704942,get recipe,list mode,quick polenta rounds with sage butter and parmesan