1578665130828,dislike,tinder mode,greens with fruit  cheese  and nuts  mark bittman
1578665132996,like,tinder mode,stress free potato soup
1578665135830,like,tinder mode,easy dinner party marinated mushrooms
1578665137545,dislike,tinder mode,buttery balsamic broccoli
1578665139662,like,tinder mode,middle eastern salad
1578665141686,like,tinder mode,crunchy peanut butter cookies
1578665143656,like,tinder mode,mini meatball hero sandwiches
1578665164825,get nutritional values,swipe mode,zucchini italiano
1578665187727,get recipe,swipe mode,zucchini italiano
1578665189911,get recipe,swipe mode,zucchini italiano
1578665192840,like,swipe mode,zucchini italiano
1578665196438,get recipe,swipe mode,cucumber cocktail
1578665209999,get recipe,swipe mode,cucumber cocktail
1578665212161,like,swipe mode,cucumber cocktail
1578665218508,get recipe,swipe mode,creamy parmesan garlic shrimp
1578665228653,get recipe,swipe mode,creamy parmesan garlic shrimp
1578665230511,like,swipe mode,creamy parmesan garlic shrimp
1578665233985,like,swipe mode,vegetarian southwest lasagna
1578665239019,dislike,swipe mode,parsnips in orange sauce
1578665243537,get recipe,swipe mode,fresh peach cobbler slow cooker style
1578665248368,get recipe,swipe mode,fresh peach cobbler slow cooker style
1578665249840,dislike,swipe mode,fresh peach cobbler slow cooker style
1578665257112,get recipe,swipe mode,russian tea mix  orange spiced tea
1578665260244,get recipe,swipe mode,russian tea mix  orange spiced tea
1578665263324,like,swipe mode,russian tea mix  orange spiced tea
1578665280683,get recipe,swipe mode,snack mix drops
1578665284077,get recipe,swipe mode,snack mix drops
1578665285448,like,swipe mode,snack mix drops
1578665287449,like,swipe mode,cheesy broccoli soup
1578665290265,like,swipe mode,loaded scrambled eggs for a crowd
1578665296332,get recipe,swipe mode,shredded beef with green peppers
1578665298309,get recipe,swipe mode,shredded beef with green peppers
1578665301074,get recipe,swipe mode,shredded beef with green peppers
1578665313698,get recipe,swipe mode,shredded beef with green peppers
1578665315584,like,swipe mode,shredded beef with green peppers
1578665320726,get recipe,swipe mode,no boil the noodles cheesy chicken lasagna
1578665323402,get recipe,swipe mode,no boil the noodles cheesy chicken lasagna
1578665324894,like,swipe mode,no boil the noodles cheesy chicken lasagna
1578665326498,like,swipe mode,curried lentils and rice
1578665328571,like,swipe mode,cornmeal battered fried chicken
1578665346851,dislike,swipe mode,ww mashed potatoes with cauliflower
1578665349011,like,swipe mode,chapchae  noodles with beef and mixed vegetables
1578665357269,like,swipe mode,chicken pepper panini
1578665358545,dislike,swipe mode,peanut butter and sprout sandwich
1578665360025,dislike,swipe mode,apple oat crisp
1578665363008,dislike,swipe mode,the best red skinned mashed potatoes
1578665364840,like,swipe mode,bean and turkey soup
1578665379015,get recipe,swipe mode,easy chicken almond stir fry
1578665388545,get recipe,swipe mode,easy chicken almond stir fry
1578665392159,like,swipe mode,easy chicken almond stir fry
1578665429173,get nutritional values,swipe mode,easy chicken almond stir fry
1578665431117,get nutritional values,swipe mode,easy chicken almond stir fry
1578665447936,get nutritional values,swipe mode,bread machine cheddar cheese bread
1578665458919,get nutritional values,swipe mode,bread machine cheddar cheese bread
1578665468886,like,swipe mode,bread machine cheddar cheese bread
1578665482955,get nutritional values,swipe mode,simple collards with yogurt and old bay
1578665491765,like,swipe mode,simple collards with yogurt and old bay
1578665514665,get recipe,swipe mode,stress free potato soup
1578665524282,get recipe,swipe mode,stress free potato soup
1578665747172,like,list mode,Excellent chicken stew
1578665760654,get nutritional values,list mode,Italian breakfast sausage  low fat
1578665766350,get nutritional values,list mode,Italian breakfast sausage  low fat
1578665774674,get nutritional values,list mode,Mexican cheese omelet
1578665779508,get nutritional values,list mode,Mexican cheese omelet
1578665783257,like,list mode,Mexican cheese omelet
1578665805496,like,list mode,Cheese enchiladas in yummy red sauce
1578665825167,get recipe,list mode,stress free potato soup
1578665830407,get recipe,list mode,stress free potato soup