1578564654586,dislike,tinder mode,matthew s healthy low fat vegan carrot spice muffins
1578564657716,dislike,tinder mode,20 minute honey granola   easy
1578564661108,dislike,tinder mode,vegan  gluten free buckwheat pancakes
1578564666508,get recipe,tinder mode,elegant spinach salad
1578564689599,get recipe,tinder mode,elegant spinach salad
1578564698197,dislike,tinder mode,elegant spinach salad
1578564701983,get recipe,tinder mode,disappearing zucchini orzo
1578564741534,get recipe,tinder mode,disappearing zucchini orzo
1578564753297,dislike,tinder mode,disappearing zucchini orzo
1578564757127,get recipe,tinder mode,mediterranean artichoke stew
1578564772677,get recipe,tinder mode,mediterranean artichoke stew
1578564775339,like,tinder mode,mediterranean artichoke stew
1578564777350,get recipe,tinder mode,vegetarian lasagna oamc  makes 3 meals
1578564807101,get recipe,tinder mode,vegetarian lasagna oamc  makes 3 meals
1578564809705,like,tinder mode,vegetarian lasagna oamc  makes 3 meals
1578564854254,get recipe,swipe mode,mango avocado salsa
1578564858139,get recipe,swipe mode,mango avocado salsa
1578564859765,get nutritional values,swipe mode,mango avocado salsa
1578564886682,get recipe,swipe mode,mango avocado salsa
1578564889009,get recipe,swipe mode,mango avocado salsa
1578564890257,get nutritional values,swipe mode,mango avocado salsa
1578564912220,like,swipe mode,mango avocado salsa
1578564962449,get recipe,swipe mode,guacamole that s gone in a flash
1578564967266,get recipe,swipe mode,guacamole that s gone in a flash
1578564976556,like,swipe mode,guacamole that s gone in a flash
1578564980301,get recipe,swipe mode,orange salad with olives   mint
1578564983004,get recipe,swipe mode,orange salad with olives   mint
1578564985845,get recipe,swipe mode,orange salad with olives   mint
1578564988994,get recipe,swipe mode,orange salad with olives   mint
1578564991455,like,swipe mode,orange salad with olives   mint
1578564998188,get recipe,swipe mode,quick tahini salad
1578565016035,get recipe,swipe mode,quick tahini salad
1578565021404,dislike,swipe mode,quick tahini salad
1578565025066,dislike,swipe mode,avocado banana chilled soup
1578565028980,get recipe,swipe mode,jamaican tomato soup
1578565038277,get recipe,swipe mode,jamaican tomato soup
1578565040304,like,swipe mode,jamaican tomato soup
1578565043600,dislike,swipe mode,figs koftas
1578565048120,dislike,swipe mode,edabroccamole  aka edamame  broccoli    avocado guacamole
1578565094000,get recipe,swipe mode,mediterranean artichoke stew
1578565104646,get recipe,swipe mode,mediterranean artichoke stew
1578565602319,get recipe,list mode,Cheesy no garlic bread
1578565613618,get recipe,list mode,Cheesy no garlic bread
1578565619807,like,list mode,Cheesy no garlic bread
1578565623416,get recipe,list mode,Halloumi and pear salad
1578565648862,get recipe,list mode,Halloumi and pear salad
1578565651403,like,list mode,Halloumi and pear salad
1578565666094,dislike,list mode,Matthew s healthy low fat vegan carrot spice muffins
1578565670394,get recipe,list mode,Lemon curd tartlets
1578565705987,get recipe,list mode,Lemon curd tartlets
1578565710620,like,list mode,Lemon curd tartlets
1578565746930,get nutritional values,list mode,Spaghetti squash with balsamic beans
1578565764290,get nutritional values,list mode,Spaghetti squash with balsamic beans
1578565783065,get recipe,list mode,Silken lemon creme brulee
1578565786108,get recipe,list mode,Silken lemon creme brulee
1578565787777,dislike,list mode,silken lemon creme brulee
1578565797415,like,list mode,Spaghetti squash with balsamic beans
1578565849345,get recipe,list mode,Edam cheese fritters
1578565868757,get recipe,list mode,Edam cheese fritters
1578565871195,like,list mode,Edam cheese fritters
1578565874450,get recipe,list mode,Fluffy orangy french toast
1578565880966,dislike,list mode,fluffy orangy french toast
1578565883977,get recipe,list mode,Easy eggplant rollatini
1578565907875,get recipe,list mode,cheesy no garlic bread
1578565923278,get recipe,list mode,cheesy no garlic bread
1578565927226,get recipe,list mode,cheesy no garlic bread
1578565934984,get recipe,list mode,cheesy no garlic bread
1578565936384,get recipe,list mode,halloumi and pear salad
1578565940395,get recipe,list mode,halloumi and pear salad
1578565943341,get recipe,list mode,lemon curd tartlets
1578565948549,get recipe,list mode,lemon curd tartlets
